{
	"🍆":{
		"id":1,
		"name":"Eggplant",
		"for":"+5 att",
		"price":100,
		"desc":"Eating eggplants will give you strength!\n+5 att",
		"att":5,
		"hp":0	
	},
	"🍎":{
		"id":2,
		"name":"Apple",
		"for":"+5 hp",
		"price":100,
		"desc":"Any animal loves apples!\n+5 hp",
		"att":0,
		"hp":5
	},
	"🥔":{
		"id":3,
		"name":"Potato",
		"for":"+15 att",
		"price":2500,
		"desc":"Yum! Raw Potato.\n+15 att",
		"att":15,
		"hp":0	
	},
	"🍇":{
		"id":4,
		"name":"Grape",
		"for":"+15 hp",
		"price":2500,
		"desc":"Don't feed this to dogs!\n+15 hp",
		"att":0,
		"hp":15
	},
	"🥕":{
		"id":5,
		"name":"Carrot",
		"for":"+20 att",
		"price":10000,
		"desc":"Better eyesight = Stronger pet\n+20 att",
		"att":20,
		"hp":0	
	},
	"🍓":{
		"id":6,
		"name":"Strawberry",
		"for":"+20 hp",
		"price":10000,
		"desc":"Just one strawberry?\n+20 hp",
		"att":0,
		"hp":20
	},
	"🥐":{
		"id":7,
		"name":"Croissant",
		"for":"+30 att",
		"price":100000,
		"desc":"*French noises*\n+30 att",
		"att":30,
		"hp":0	
	},
	"🥑":{
		"id":8,
		"name":"Avocado",
		"for":"+30 hp",
		"price":100000,
		"desc":"Who doesn't like avacados?!\n+30 hp",
		"att":0,
		"hp":30
	},
	"🥓":{
		"id":9,
		"name":"Bacon",
		"for":"+40 att",
		"price":1000000,
		"desc":"The most sacred of foods\n+40 att",
		"att":40,
		"hp":0	
	},
	"🍖":{
		"id":10,
		"name":"Meat",
		"for":"+40 hp",
		"price":1000000,
		"desc":"Not for vegans\n+40 hp",
		"att":0,
		"hp":40
	},
	"💊":{
		"id":11,
		"name":"Pill",
		"for":"battle",
		"price":100,
		"desc":"Use this item to make your pet throwup food!\nAll equipped food on the pet will be gone! BE AWARE\nFood that are thrown up are not reusable...",
		"notFood":true
	},
	"☕":{
		"id":12,
		"name":"Coffee",
		"for":"+55 att",
		"price":10000000,
		"desc":"Energizing!\n+55 att",
		"att":55,
		"hp":0
	},
	"🥛":{
		"id":13,
		"name":"Milk",
		"for":"+55 hp",
		"price":10000000,
		"desc":"Tough bones!\n+55 hp",
		"att":0,
		"hp":55
	}
}
