{
	"gems":{
		"cgem1":{
			"emoji":"<:cgem1:492572122120585240>",
			"id":51,
			"chance":0.22,
			"type":"Multiplier",
			"amount":2,
			"length":25
		},
		"ugem1":{
			"emoji":"<:ugem1:492572122514980864>",
			"id":52,
			"chance":0.22,
			"type":"Multiplier",
			"amount":4,
			"length":25
		},
		"rgem1":{
			"emoji":"<:rgem1:492572122888011776>",
			"id":53,
			"chance":0.20,
			"type":"Multiplier",
			"amount":5,
			"length":50
		},
		"egem1":{
			"emoji":"<:egem1:492572122477101056>",
			"id":54,
			"chance":0.20,
			"type":"Multiplier",
			"amount":6,
			"length":75
		},
		"mgem1":{
			"emoji":"<:mgem1:492572122590478356>",
			"id":55,
			"chance":0.10,
			"type":"Multiplier",
			"amount":7,
			"length":75
		},
		"lgem1":{
			"emoji":"<a:lgem1:492572124251422720>",
			"id":56,
			"chance":0.05,
			"type":"Multiplier",
			"amount":8,
			"length":100
		},
		"fgem1":{
			"emoji":"<a:fgem1:492572124070936586>",
			"id":57,
			"chance":0.01,
			"type":"Multiplier",
			"amount":10,
			"length":100
		},
		"cgem2":{
			"emoji":"<:cgem2:492803120267788298>",
			"id":58,
			"chance":0.22,
			"type":"Patreon",
			"length":25
		},
		"ugem2":{
			"emoji":"<:ugem2:492803121970413569>",
			"id":59,
			"chance":0.22,
			"type":"Patreon",
			"length":50
		},
		"rgem2":{
			"emoji":"<:rgem2:492803121420959746>",
			"id":60,
			"chance":0.20,
			"type":"Patreon",
			"length":75
		},
		"egem2":{
			"emoji":"<:egem2:492803121245061131>",
			"id":61,
			"chance":0.20,
			"type":"Patreon",
			"length":100
		},
		"mgem2":{
			"emoji":"<:mgem2:492803121840521276>",
			"id":62,
			"chance":0.10,
			"type":"Patreon",
			"length":200
		},
		"lgem2":{
			"emoji":"<a:lgem2:492803122503352321>",
			"id":63,
			"chance":0.05,
			"type":"Patreon",
			"length":300
		},
		"fgem2":{
			"emoji":"<a:fgem2:492804215408820225>",
			"id":64,
			"chance":0.01,
			"type":"Patreon",
			"length":500
		}
	}
}
