{
	"hunt":{
		"count":[10,50,100,500,1000],
		"reward":[100,500,1000,20000,50000],
		"chance":[.4,.3,.24,.05,.01]
	},
	"battle":{
		"count":[10,50,100,500,1000],
		"reward":[100,500,1000,20000,50000],
		"chance":[.4,.3,.24,.05,.01]
	},
	"gamble":{
		"count":[1,5,25],
		"reward":[100,250,500],
		"chance":[.4,.4,.2]
	},
	"drop":{
		"count":[5,10,15],
		"reward":[250,500,1000],
		"chance":[.4,.4,.2]
	},
	"emoteTo":{
		"count":[1,3,5],
		"reward":[100,300,500],
		"chance":[.5,.3,.2]
	},
	"emoteBy":{
		"count":[1,3,5],
		"reward":[200,600,1000],
		"chance":[.5,.3,.2]
	},
	"find":{
		"count":["rare","epic","mythical"],
		"reward":[500,2500,20000],
		"chance":[.5,.3,.2]
	}
}
